,100 mM K-phosphate,,,100 mM Na-phosphate
time,NADH,,time,NADH
0,115835,,0,126412
1,116828,,1,125058
2,116285,,2,125290
3,115773,,3,124631
4,116388,,4,124946
5,115549,,5,124675
6,117441,,6,125284
7,118136,,7,124587
8,117160,,8,124993
9,116611,,9,124549
10,116684,,10,125556
11,117562,,11,123809
12,116695,,12,125015
13,117226,,13,124719
14,116402,,14,124320
15,117986,,15,126083
16,117423,,16,124585
17,117861,,17,125088
18,117388,,18,125341
19,118757,,19,124507
20,117733,,20,124264
21,117521,,21,124875
22,117429,,22,124408
23,117670,,23,125293
24,117266,,24,125547
25,116813,,25,125210
26,118043,,26,124366
27,117024,,27,125121
28,117410,,28,124961
29,117180,,29,124362
30,116832,,30,124034
31,118569,,31,124835
32,116860,,32,124701
33,117675,,33,124972
34,117497,,34,125006
35,118967,,35,124183
36,117674,,36,124726
37,117986,,37,124810
38,116832,,38,124901
39,118622,,39,125408
40,117878,,40,125154
41,117603,,41,124839
42,118381,,42,124974
43,117685,,43,125410
44,117068,,44,124080
45,118460,,45,124732
46,117190,,46,123937
47,117164,,47,124067
48,117516,,48,124816
49,118275,,49,123949
50,118567,,50,124256
51,118092,,51,124491
52,118122,,52,125446
53,119418,,53,124965
54,118991,,54,124435
55,118013,,55,124773
56,118138,,56,125377
57,116637,,57,125048
58,117843,,58,124454
59,117887,,59,124963
60,118312,,60,124591
61,117657,,61,124458
62,117488,,62,124660
63,117733,,63,125656
64,118539,,64,124403
65,118754,,65,124384
66,119058,,66,124969
67,118919,,67,125056
68,119570,,68,124438
69,118670,,69,124448
70,118678,,70,125307
71,119300,,71,124615
72,118983,,72,125177
73,119225,,73,123927
74,118507,,74,125282
75,118772,,75,124576
76,119168,,76,124883
77,118052,,77,124724
78,118148,,78,124918
79,117813,,79,125222
80,117808,,80,125714
81,118307,,81,125168
82,118548,,82,125423
83,118896,,83,126463
84,119179,,84,124889
85,119001,,85,125713
86,119605,,86,124975
87,118949,,87,124851
88,118690,,88,125189
89,117915,,89,125056
90,118899,,90,125310
91,118518,,91,125318
92,118410,,92,124756
93,118166,,93,124975
94,118666,,94,124058
95,118210,,95,125019
96,118256,,96,125098
97,118415,,97,124046
98,119769,,98,124877
99,120450,,99,125264
100,119140,,100,124397
101,119067,,101,124962
102,120264,,102,125648
103,118423,,103,124491
104,118043,,104,126025
105,118681,,105,125126
106,121185,,106,125849
107,118239,,107,124746
108,118809,,108,125307
109,119624,,109,124949
110,118664,,110,124422
111,119900,,111,124958
112,119887,,112,124894
113,118135,,113,124927
114,119009,,114,125674
115,119538,,115,126253
116,118276,,116,124749
117,118724,,117,124919
118,118801,,118,125351
119,119611,,119,125038
120,118703,,120,125586
121,118533,,121,124752
122,119791,,122,124888
123,118994,,123,124924
124,119023,,124,124966
125,120203,,125,126203
126,120726,,126,126169
127,119508,,127,125417
128,119101,,128,125276
129,119179,,129,125071
130,119778,,130,124684
131,118290,,131,125757
132,118305,,132,125060
133,118820,,133,125734
134,118899,,134,125281
135,118593,,135,125276
136,118813,,136,124946
137,119640,,137,125114
138,119653,,138,124848
139,119788,,139,125317
140,119052,,140,124989
141,119258,,141,124294
142,119570,,142,125311
143,119973,,143,124677
144,119907,,144,125532
145,120262,,145,124853
146,120315,,146,125036
147,120254,,147,125193
148,119357,,148,125707
149,119998,,149,125467
150,120247,,150,124251
151,120428,,151,124889
152,120253,,152,125307
153,119796,,153,125596
154,120408,,154,125481
155,119919,,155,125342
156,120105,,156,125618
157,118518,,157,126794
158,119196,,158,125652
159,120117,,159,125292
160,120159,,160,124624
161,118452,,161,125164
162,118563,,162,125879
163,120655,,163,125987
164,119092,,164,125389
165,119818,,165,125518
166,118529,,166,125411
167,119350,,167,125401
168,120889,,168,125434
169,119934,,169,125161
170,119683,,170,124717
171,119804,,171,125689
172,120421,,172,125881
173,120281,,173,124715
174,119222,,174,125363
175,119750,,175,125570
176,119413,,176,124802
177,119180,,177,125559
178,119073,,178,125621
179,119582,,179,126147
180,129049,,180,134837
181,146991,,181,151592
182,129400,,182,150575
183,122165,,183,133857
184,130001,,184,136121
185,140204,,185,146149
186,147695,,186,154752
187,154721,,187,162978
188,161289,,188,168022
189,165770,,189,174017
190,167563,,190,176138
191,168469,,191,178008
192,167468,,192,178010
193,167576,,193,176482
194,167224,,194,176151
195,164394,,195,172538
196,163648,,196,170542
197,163274,,197,170645
198,164082,,198,168910
199,160359,,199,166485
200,160558,,200,165865
201,159610,,201,163803
202,158572,,202,161536
203,156544,,203,161335
204,157710,,204,160219
205,154737,,205,160354
206,153002,,206,159870
207,153104,,207,158305
208,151691,,208,157521
209,150194,,209,156557
210,150244,,210,154731
211,148756,,211,153027
212,146483,,212,151162
213,145606,,213,149417
214,145215,,214,145883
215,144868,,215,145479
216,143606,,216,142397
217,142889,,217,140094
218,140324,,218,138793
219,141414,,219,137644
220,138585,,220,136567
221,137371,,221,135550
222,136901,,222,133443
223,134491,,223,134457
224,132009,,224,134991
225,129925,,225,133324
226,128374,,226,133596
227,125990,,227,133684
228,125250,,228,132242
229,123840,,229,132624
230,122087,,230,132773
231,121334,,231,133292
232,120461,,232,133867
233,119967,,233,133545
234,119314,,234,133495
235,119857,,235,134005
236,118475,,236,134493
237,118468,,237,134887
238,120310,,238,135030
239,118497,,239,145241
240,131694,,240,
241,,,241,
242,,,242,
243,123717,,243,137764
244,121780,,244,139467
245,123791,,245,140046
246,123062,,246,140720
247,124136,,247,141394
248,126091,,248,141703
249,125330,,249,142097
250,127014,,250,142590
251,126351,,251,142353
252,129196,,252,143318
253,127633,,253,143725
254,129176,,254,143645
255,129666,,255,144113
256,130508,,256,144321
257,132335,,257,143979
258,131507,,258,142888
259,131181,,259,143720
260,132578,,260,143341
261,131516,,261,143337
262,132063,,262,143154
263,131977,,263,142700
264,131616,,264,143412
265,132136,,265,143646
266,131785,,266,142813
267,131289,,267,143527
268,131255,,268,143795
269,131299,,269,143632
270,130672,,270,143302
271,130632,,271,144236
272,130623,,272,143673
273,130963,,273,144105
274,131569,,274,145185
275,130863,,275,144736
276,131285,,276,145698
277,132135,,277,146428
278,131843,,278,145001
279,132240,,279,146290
280,133727,,280,146598
281,133984,,281,146598
282,134328,,282,147178
283,135429,,283,147528
284,136160,,284,146573
285,136701,,285,147046
286,138110,,286,147816
287,138529,,287,147696
288,138790,,288,147608
289,138841,,289,147789
290,139797,,290,147554
291,138203,,291,147699
292,139543,,292,148911
293,139741,,293,148917
294,138756,,294,148120
295,138977,,295,147454
296,139019,,296,148386
297,139465,,297,147593
298,139186,,298,148668
299,138494,,299,148258
300,138581,,300,148906
301,137848,,301,148995
302,137209,,302,148529
303,137157,,303,149185
304,137304,,304,149677
305,137397,,305,149979
306,137664,,306,149049
307,137700,,307,149943
308,137003,,308,150471
309,138676,,309,151244
310,138128,,310,150518
311,136780,,311,151014
312,138665,,312,152453
313,136942,,313,150524
314,139345,,314,151158
315,141471,,315,151837
316,140407,,316,151671
317,140799,,317,151775
318,140626,,318,151972
319,140313,,319,152327
320,140691,,320,152303
321,141278,,321,151756
322,141331,,322,152930
323,141039,,323,152245
324,140330,,324,151959
325,140684,,325,151501
326,140983,,326,152459
327,140328,,327,152580
328,139645,,328,151719
329,138626,,329,152873
330,139859,,330,152661
331,137854,,331,153528
332,138993,,332,151763
333,137531,,333,152398
334,138382,,334,152561
335,137100,,335,153215
336,136867,,336,152783
337,138252,,337,152849
338,136141,,338,154004
339,135341,,339,152325
340,135651,,340,153884
341,136707,,341,154498
342,136311,,342,154079
343,136011,,343,154394
344,136473,,344,154645
345,136594,,345,154003
346,136765,,346,155007
347,136612,,347,154275
348,137421,,348,154958
349,137321,,349,156017
350,138354,,350,154944
351,138386,,351,155410
352,138621,,352,156297
353,138882,,353,155503
354,138757,,354,155679
355,140432,,355,156127
356,139464,,356,155749
357,140080,,357,155838
358,140167,,358,156185
359,139400,,359,155658
360,139703,,360,156597
361,139200,,361,155141
362,138699,,362,156258
363,137589,,363,156149
364,137626,,364,155379
365,138180,,365,155771
366,138713,,366,156072
367,136530,,367,156013
368,135784,,368,155854
369,136321,,369,156726
370,135582,,370,155581
371,134939,,371,155469
372,134701,,372,155869
373,133754,,373,156785
374,135941,,374,156457
375,135572,,375,156195
376,135757,,376,156344
377,133701,,377,156985
378,134104,,378,155763
379,135509,,379,157040
380,136367,,380,156507
381,136400,,381,156752
382,137162,,382,155980
383,136635,,383,156491
384,137517,,384,155570
385,137197,,385,156031
386,138537,,386,155702
387,138859,,387,156103
388,139647,,388,156311
389,140296,,389,155436
390,139538,,390,156520
391,138834,,391,156379
392,139861,,392,155932
393,140287,,393,155402
394,139970,,394,155010
395,140447,,395,156098
396,137903,,396,155382
397,138172,,397,155439
398,138715,,398,154266
399,138734,,399,154981
400,137629,,400,154891
401,137040,,401,153752
402,136629,,402,155023
403,135035,,403,154257
404,135915,,404,154431
405,135611,,405,153240
406,135891,,406,153954
407,133923,,407,153501
408,134401,,408,153065
409,133704,,409,153734
410,133111,,410,152583
411,133287,,411,153565
412,133088,,412,154196
413,133653,,413,153080
414,135146,,414,153037
415,135073,,415,153003
416,136418,,416,153025
417,135442,,417,153708
418,136584,,418,153088
419,135560,,419,152647
420,137910,,420,152652
421,139211,,421,152679
422,137184,,422,153367
423,139236,,423,152472
424,140480,,424,152316
425,139412,,425,152864
426,139484,,426,152068
427,138813,,427,151894
428,140151,,428,151835
429,139186,,429,152045
430,140158,,430,152023
431,139482,,431,151179
432,139248,,432,152021
433,138389,,433,151832
434,137234,,434,151638
435,137192,,435,152081
436,135895,,436,150535
437,135428,,437,150925
438,134917,,438,149991
439,134993,,439,150954
440,134780,,440,149484
441,133856,,441,148838
442,132957,,442,149944
443,133730,,443,149902
444,131934,,444,151058
445,131975,,445,150175
446,133118,,446,149896
447,132168,,447,150938
448,132507,,448,150536
449,133101,,449,150353
450,134153,,450,149332
451,133462,,451,150299
452,134805,,452,150192
453,135075,,453,150601
454,134663,,454,150765
455,135350,,455,149794
456,136510,,456,150677
457,136318,,457,149430
458,137203,,458,150726
459,137190,,459,150007
460,137960,,460,150527
461,138943,,461,150608
462,138476,,462,150692
463,139348,,463,150996
464,139859,,464,150934
465,139603,,465,151424
466,139053,,466,150652
467,138606,,467,150283
468,138528,,468,149933
469,139086,,469,150235
470,139067,,470,150199
471,138414,,471,150084
472,137633,,472,150229
473,136764,,473,150732
474,136105,,474,149371
475,136264,,475,149585
476,135990,,476,149470
477,134604,,477,150184
478,134933,,478,149729
479,134134,,479,150113
480,133021,,480,150781
481,132846,,481,150329
482,132366,,482,149484
483,132939,,483,151115
484,133145,,484,150603
485,132756,,485,150204
486,133545,,486,150459
487,133380,,487,150002
488,133322,,488,150679
489,134115,,489,150369
490,134122,,490,150835
491,133794,,491,150897
492,134986,,492,150396
493,136245,,493,151342
494,136485,,494,150663
495,136809,,495,150720
496,137215,,496,150407
497,137932,,497,150204
498,137775,,498,151369
499,138434,,499,150588
500,139391,,500,150824
501,139765,,501,150545
502,139660,,502,151124
503,140141,,503,150189
504,140677,,504,150722
505,141264,,505,150704
506,140607,,506,151250
507,139062,,507,151218
508,139104,,508,151123
509,138060,,509,150814
510,137626,,510,151552
511,137215,,511,150186
512,136728,,512,150442
513,137441,,513,150977
514,135728,,514,150963
515,135840,,515,150502
516,135350,,516,151336
517,134644,,517,151640
518,134765,,518,150609
519,133983,,519,151533
520,134226,,520,151268
521,133451,,521,151136
522,134512,,522,151326
523,134263,,523,150570
524,133823,,524,151395
525,135129,,525,151892
526,134193,,526,151403
527,136756,,527,152012
528,136139,,528,151410
529,135465,,529,150705
530,135858,,530,152484
531,136814,,531,151811
532,136368,,532,151046
533,137992,,533,151354
534,138288,,534,151988
535,139122,,535,151256
536,138904,,536,151457
537,139981,,537,151672
538,140425,,538,152017
539,140621,,539,152472
540,141485,,540,151077
541,141193,,541,151874
542,140557,,542,151631
543,140898,,543,151997
544,140892,,544,152037
545,140483,,545,152105
546,139980,,546,152566
547,139572,,547,152025
548,140574,,548,151624
549,139455,,549,152369
550,138273,,550,152575
551,137556,,551,152296
552,138954,,552,151480
553,137577,,553,151948
554,137120,,554,151826
555,136587,,555,152270
556,136847,,556,152285
557,135236,,557,151948
558,135114,,558,153235
559,134716,,559,152436
560,134974,,560,152664
561,134344,,561,151463
562,134970,,562,151578
563,135626,,563,152909
564,134538,,564,153855
565,135172,,565,151684
566,135344,,566,153031
567,136428,,567,152754
568,137435,,568,152845
569,136824,,569,152757
570,137887,,570,152108
571,138478,,571,151980
572,138545,,572,151620
573,139585,,573,151880
574,140499,,574,152313
575,139752,,575,152652
576,140666,,576,152025
577,142328,,577,152380
578,142127,,578,153760
579,142278,,579,152868
580,143255,,580,153042
581,142470,,581,153955
582,140726,,582,153088
583,141314,,583,153949
584,142161,,584,153344
585,141742,,585,154043
586,141978,,586,152438
587,141067,,587,153758
588,141167,,588,153186
589,140275,,589,153746
590,140150,,590,153130
591,138533,,591,153058
592,138053,,592,153337
593,138001,,593,153060
594,137091,,594,154031
595,137407,,595,153577
596,136615,,596,153711
597,135236,,597,153805
598,136627,,598,152976
599,135469,,599,153867
600,136411,,600,153780
601,135348,,601,153829
602,136215,,602,154566
603,136958,,603,153549
604,136707,,604,154478
605,136740,,605,153850
606,137455,,606,154027
607,137983,,607,153580
608,138177,,608,154236
609,138738,,609,154022
610,140127,,610,153663
611,138815,,611,155099
612,140860,,612,153683
613,141511,,613,154203
614,143316,,614,154750
615,143376,,615,153966
616,142609,,616,153755
617,142489,,617,154192
618,143570,,618,154049
619,143173,,619,154686
620,143684,,620,153616
621,143726,,621,153546
622,143453,,622,153882
623,142580,,623,154415
624,142264,,624,154292
625,143043,,625,154854
626,141875,,626,154217
627,141064,,627,154751
628,141230,,628,155155
629,140744,,629,154495
630,139439,,630,154783
631,140096,,631,155237
632,138836,,632,154934
633,138333,,633,155260
634,138123,,634,154504
635,137638,,635,154561
636,137118,,636,154174
637,137326,,637,154536
638,137687,,638,155343
639,138134,,639,154369
640,137912,,640,155002
641,137217,,641,154772
642,137981,,642,155388
643,138143,,643,155023
644,137292,,644,154473
645,140781,,645,155166
646,139423,,646,154532
647,141112,,647,154867
648,139579,,648,154450
649,140060,,649,154063
650,140104,,650,154517
651,142056,,651,155192
652,142479,,652,153969
653,143080,,653,155148
654,142941,,654,155261
655,143443,,655,154999
656,144246,,656,154209
657,144348,,657,154436
658,144417,,658,154438
659,143886,,659,155656
660,144499,,660,155054
661,142488,,661,155213
662,143460,,662,155595
663,144671,,663,154376
664,143777,,664,155823
665,142787,,665,156189
666,142231,,666,154185
667,140535,,667,155353
668,140442,,668,155747
669,140119,,669,154899
670,139753,,670,154934
671,139289,,671,155985
672,139361,,672,154841
673,138020,,673,155900
674,139475,,674,154639
675,138302,,675,155340
676,138813,,676,154960
677,138039,,677,155054
678,137842,,678,155237
679,137637,,679,155615
680,138403,,680,154854
681,138265,,681,154939
682,138891,,682,154781
683,138450,,683,155886
684,140049,,684,156289
685,139671,,685,156094
686,140220,,686,155689
687,140573,,687,155753
688,140678,,688,155880
689,141619,,689,156081
690,142260,,690,155500
691,142879,,691,156782
692,143812,,692,156093
693,143150,,693,154738
694,144091,,694,156002
695,145796,,695,156247
696,145245,,696,155645
697,143733,,697,156462
698,144742,,698,156454
699,144208,,699,156008
700,144357,,700,155757
701,142104,,701,155252
702,143272,,702,156525
703,143362,,703,156636
704,142924,,704,156200
705,141357,,705,156725
706,141002,,706,156145
707,141755,,707,156441
708,140868,,708,156757
709,141140,,709,157500
710,138898,,710,156438
711,139281,,711,156078
712,138871,,712,156363
713,138520,,713,157198
714,138079,,714,155981
715,139112,,715,155878
716,138915,,716,157377
717,137681,,717,155425
718,138237,,718,156206
719,138613,,719,157041
720,138947,,720,156598
721,139680,,721,156851
722,140011,,722,155929
723,141054,,723,157090
724,141902,,724,156191
725,141093,,725,156491
726,141400,,726,156358
727,141676,,727,156086
728,142387,,728,156264
729,142132,,729,156168
730,144179,,730,156934
731,143954,,731,157007
732,144720,,732,157169
733,143206,,733,156966
734,144112,,734,156842
735,144468,,735,155640
736,145325,,736,156868
737,145138,,737,156508
738,144466,,738,155972
739,144785,,739,156229
740,144355,,740,156068
741,143542,,741,156955
742,143697,,742,156683
743,142200,,743,156983
744,143229,,744,156556
745,143471,,745,157402
746,140954,,746,157384
747,141432,,747,156399
748,140284,,748,156935
749,140471,,749,156443
750,139547,,750,156495
751,139111,,751,156262
752,140070,,752,157718
753,139342,,753,157593
754,138991,,754,156963
755,138572,,755,157091
756,138523,,756,157036
757,139398,,757,156778
758,139765,,758,157036
759,139551,,759,157077
760,139353,,760,157017
761,140533,,761,156611
762,140683,,762,157154
763,141486,,763,156932
764,141474,,764,156651
765,142112,,765,157349
766,141843,,766,156897
767,142408,,767,156495
768,143512,,768,156994
769,143936,,769,156490
770,144712,,770,157681
771,144558,,771,156749
772,145385,,772,157002
773,144794,,773,157045
774,144977,,774,157198
775,145529,,775,157606
776,144873,,776,157284
777,144192,,777,157087
778,144313,,778,157853
779,142982,,779,156758
780,143879,,780,157268
781,143508,,781,156960
782,143215,,782,157583
783,142934,,783,157294
784,142253,,784,157543
785,141107,,785,157300
786,141328,,786,157791
787,141114,,787,157445
788,140544,,788,157288
789,141052,,789,157655
790,140433,,790,158112
791,139571,,791,157443
792,139720,,792,157972
793,139520,,793,157330
794,140162,,794,157709
795,138997,,795,157007
796,139266,,796,157309
797,139566,,797,158179
798,139511,,798,157591
799,139409,,799,157629
800,140630,,800,157812
801,140551,,801,158567
802,141686,,802,157753
803,142702,,803,157471
804,141810,,804,157115
805,142771,,805,157351
806,143518,,806,158249
807,143724,,807,158417
808,144389,,808,158389
809,144092,,809,158035
810,145220,,810,157900
811,144996,,811,157464
812,145333,,812,157473
813,145733,,813,158222
814,145036,,814,158120
815,145592,,815,158514
816,145278,,816,159498
817,143554,,817,158245
818,144508,,818,157163
819,145053,,819,158575
820,144477,,820,158176
821,143496,,821,158268
822,141926,,822,157834
823,142474,,823,158283
824,141256,,824,157916
825,141503,,825,157763
826,141459,,826,157763
827,141441,,827,157713
828,140152,,828,158788
829,139735,,829,158084
830,140330,,830,157474
831,139948,,831,158632
832,139421,,832,158193
833,140297,,833,158214
834,140546,,834,158096
835,140136,,835,158082
836,140122,,836,158540
837,141095,,837,157873
838,140583,,838,158274
839,141530,,839,157886
840,141678,,840,158712
841,141649,,841,157243
842,144287,,842,157821
843,142558,,843,158491
844,144012,,844,157549
845,143362,,845,159146
846,143626,,846,157827
847,145587,,847,157870
848,146387,,848,159049
849,145932,,849,158695
850,144622,,850,158010
851,145536,,851,158618
852,145785,,852,158538
853,145936,,853,158016
854,145047,,854,157885
855,147241,,855,158672
856,143888,,856,156705
857,144554,,857,157271
858,143866,,858,157147
859,143596,,859,157413
860,143849,,860,158641
861,143130,,861,158406
862,143125,,862,158103
863,141888,,863,158945
864,142560,,864,157428
865,141801,,865,158383
866,141181,,866,157819
867,140471,,867,158856
868,141612,,868,158491
869,140978,,869,157478
870,140447,,870,157931
871,140440,,871,157640
872,139982,,872,158788
873,141436,,873,158675
874,140181,,874,157387
875,140182,,875,158520
876,140884,,876,157433
877,140607,,877,157759
878,141326,,878,157359
879,142295,,879,158042
880,141602,,880,157734
881,142722,,881,157596
882,143824,,882,158914
883,143539,,883,157911
884,143688,,884,158698
885,144309,,885,158255
886,144475,,886,158338
887,144968,,887,158258
888,146415,,888,156433
889,145629,,889,158456
890,146556,,890,158324
891,145727,,891,157863
892,146294,,892,157359
893,145240,,893,158053
894,144440,,894,158542
895,144639,,895,158972
896,144333,,896,159134
897,144759,,897,159010
898,144043,,898,158666
899,143482,,899,157839
900,143700,,900,157629
901,144046,,901,158040
902,142468,,902,158477
903,141615,,903,157690
904,142206,,904,157020
905,141373,,905,158789
906,140254,,906,157777
907,140356,,907,157920
908,142299,,908,158470
909,140992,,909,158197
910,141819,,910,157015
911,140325,,911,158023
912,140753,,912,158726
913,140463,,913,158272
914,139966,,914,158859
915,140958,,915,157609
916,141350,,916,157968
917,141092,,917,158465
918,143026,,918,159070
919,142005,,919,157865
920,142280,,920,158308
921,143051,,921,158967
922,144962,,922,158058
923,143108,,923,158001
924,144354,,924,157155
925,144817,,925,158023
926,145442,,926,158127
927,144952,,927,158359
928,145916,,928,158455
929,145752,,929,157786
930,145747,,930,157546
931,145929,,931,158110
932,147232,,932,158523
933,144324,,933,158871
934,145318,,934,158795
935,145201,,935,158343
936,144112,,936,157770
937,143885,,937,158046
938,144425,,938,158128
939,143801,,939,157620
940,142710,,940,158185
941,142701,,941,159263
942,142045,,942,159156
943,141904,,943,159177
944,141058,,944,157991
945,141720,,945,158380
946,141115,,946,158638
947,139903,,947,158882
948,141274,,948,159044
949,140477,,949,158810
950,139896,,950,158895
951,140166,,951,158894
952,141082,,952,158154
953,141685,,953,158238
954,141407,,954,158441
955,141455,,955,159336
956,142013,,956,158941
957,141888,,957,158832
958,142450,,958,158468
959,143369,,959,159044
960,143855,,960,158718
961,143674,,961,158323
962,143684,,962,158190
963,144943,,963,159478
964,145107,,964,157984
965,145831,,965,158962
966,145265,,966,158988
967,145965,,967,158204
968,145871,,968,159216
969,147164,,969,158151
970,146145,,970,159204
971,145622,,971,158734
972,146948,,972,158570
973,144972,,973,159344
974,145516,,974,159399
975,146015,,975,159111
976,144794,,976,159675
977,144334,,977,158755
978,144425,,978,158369
979,143551,,979,158820
980,142667,,980,159303
981,141672,,981,158431
982,142135,,982,159242
983,141537,,983,158238
984,142344,,984,158883
985,141656,,985,159005
986,140942,,986,159113
987,140670,,987,158424
988,141204,,988,158743
989,140480,,989,158934
990,140832,,990,159101
991,141297,,991,158330
992,141725,,992,158601
993,142695,,993,158930
994,140683,,994,159696
995,142385,,995,158757
996,142336,,996,159726
997,142379,,997,158712
998,143132,,998,159377
999,143922,,999,158414
1000,144869,,1000,158698
1001,145228,,1001,158581
1002,145121,,1002,158704
1003,145514,,1003,158606
1004,145220,,1004,158803
1005,146043,,1005,159061
1006,146565,,1006,157712
1007,146644,,1007,158464
1008,146193,,1008,158960
1009,146267,,1009,157386
1010,146905,,1010,158088
1011,145976,,1011,158555
1012,146701,,1012,159610
1013,146060,,1013,158366
1014,144841,,1014,158371
1015,145582,,1015,158913
1016,144808,,1016,159091
1017,145685,,1017,159061
1018,144966,,1018,158270
1019,144533,,1019,157753
1020,143973,,1020,158777
1021,143808,,1021,158467
1022,143591,,1022,157360
1023,143228,,1023,158810
1024,141850,,1024,159279
1025,141798,,1025,158811
1026,141071,,1026,158214
1027,141034,,1027,158396
1028,141396,,1028,157956
1029,140806,,1029,158544
1030,141806,,1030,158615
1031,140820,,1031,158935
1032,140699,,1032,158573
1033,141764,,1033,158230
1034,141620,,1034,159409
1035,141845,,1035,159474
1036,141967,,1036,158350
1037,143493,,1037,158776
1038,143696,,1038,158687
1039,144255,,1039,158093
1040,143728,,1040,159077
1041,145280,,1041,158337
1042,144480,,1042,159326
1043,145248,,1043,158472
1044,145446,,1044,158669
1045,144930,,1045,159299
1046,145810,,1046,159091
1047,147076,,1047,158561
1048,146185,,1048,159727
1049,147158,,1049,159710
1050,147247,,1050,158992
1051,145871,,1051,158796
1052,146666,,1052,158794
1053,145764,,1053,159742
1054,144786,,1054,159256
1055,145059,,1055,158988
1056,145441,,1056,158780
1057,144049,,1057,159541
1058,144507,,1058,159039
1059,145038,,1059,160116
1060,142968,,1060,158664
1061,141663,,1061,158782
1062,142076,,1062,158844
1063,141759,,1063,159664
1064,141678,,1064,159371
1065,141529,,1065,158506
1066,141128,,1066,159336
1067,140952,,1067,158884
1068,141797,,1068,158343
1069,141224,,1069,159653
1070,142101,,1070,159575
1071,142005,,1071,159052
1072,141123,,1072,158839
1073,142597,,1073,159398
1074,143454,,1074,159818
1075,142857,,1075,158752
1076,143436,,1076,158792
1077,143317,,1077,160196
1078,142933,,1078,159951
1079,144498,,1079,158970
1080,145711,,1080,159503
1081,145976,,1081,159454
1082,145779,,1082,159097
1083,145462,,1083,157865
1084,146643,,1084,158446
1085,146525,,1085,159216
1086,146816,,1086,158936
1087,146148,,1087,158195
1088,147055,,1088,158427
1089,147092,,1089,158165
1090,146122,,1090,158566
1091,146342,,1091,159624
1092,145785,,1092,158210
1093,146147,,1093,159689
1094,145674,,1094,158515
1095,145715,,1095,159118
1096,145610,,1096,158469
1097,143688,,1097,159383
1098,144506,,1098,159178
1099,143702,,1099,159293
1100,143103,,1100,158122
1101,142984,,1101,157889
1102,143073,,1102,158577
1103,142189,,1103,158690
1104,141675,,1104,159063
1105,142156,,1105,159072
1106,140902,,1106,158465
1107,141906,,1107,159572
1108,141733,,1108,158306
1109,141292,,1109,158611
1110,142528,,1110,159161
1111,142481,,1111,159081
1112,142277,,1112,159102
1113,143633,,1113,159619
1114,142319,,1114,158933
1115,143758,,1115,159342
1116,143294,,1116,159513
1117,145066,,1117,159543
1118,145157,,1118,159184
1119,144450,,1119,158990
1120,145300,,1120,159136
1121,145850,,1121,159534
1122,145621,,1122,159182
1123,145719,,1123,159211
1124,147093,,1124,158394
1125,147239,,1125,159749
1126,146590,,1126,159797
1127,147190,,1127,159877
1128,146748,,1128,158204
1129,147446,,1129,158675
1130,147302,,1130,159114
1131,147047,,1131,159371
1132,146473,,1132,158579
1133,145731,,1133,159068
1134,145705,,1134,158126
1135,145861,,1135,158354
1136,144603,,1136,159746
1137,144817,,1137,158684
1138,144434,,1138,158957
1139,144080,,1139,159750
1140,142277,,1140,159531
1141,143549,,1141,159089
1142,143634,,1142,159730
1143,142628,,1143,157692
1144,142216,,1144,158866
1145,141905,,1145,158234
1146,141232,,1146,157723
1147,142022,,1147,158992
1148,141591,,1148,158522
1149,142069,,1149,158743
1150,142608,,1150,158570
1151,142180,,1151,159085
1152,142017,,1152,158926
1153,143385,,1153,159156
1154,143356,,1154,159440
1155,144403,,1155,158696
1156,144442,,1156,159444
1157,144246,,1157,159111
1158,145227,,1158,159450
1159,144912,,1159,159065
1160,146043,,1160,159133
1161,147865,,1161,158707
1162,146199,,1162,159313
1163,146166,,1163,159212
1164,146858,,1164,159143
1165,147341,,1165,159860
1166,147063,,1166,159304
1167,148214,,1167,159910
1168,147921,,1168,159436
1169,146644,,1169,159692
1170,147705,,1170,159914
1171,146612,,1171,159424
1172,146635,,1172,158453
1173,146172,,1173,159130
1174,146550,,1174,159101
1175,145711,,1175,160017
1176,145037,,1176,159893
1177,145156,,1177,160306
1178,144130,,1178,159080
1179,144184,,1179,159705
1180,143357,,1180,159334
1181,143001,,1181,158254
1182,142633,,1182,159051
1183,142081,,1183,160709
1184,142828,,1184,159363
1185,142909,,1185,159621
1186,143435,,1186,158788
1187,142077,,1187,159693
1188,143153,,1188,159369
1189,142895,,1189,159173
1190,142738,,1190,159691
1191,142729,,1191,160053
1192,142882,,1192,159416
1193,142964,,1193,160059
1194,144370,,1194,159564
1195,142942,,1195,159934
1196,145115,,1196,159584
1197,145617,,1197,159669
1198,144879,,1198,159813
1199,144896,,1199,158779
1200,145787,,1200,160342
1201,146875,,1201,159000
1202,146713,,1202,160271
1203,146889,,1203,158133
1204,147586,,1204,159191
1205,147966,,1205,160325
1206,147734,,1206,159548
1207,147703,,1207,160138
1208,147766,,1208,159720
1209,147073,,1209,159380
1210,147406,,1210,159953
1211,146250,,1211,159491
1212,146234,,1212,159845
1213,147221,,1213,159252
1214,146574,,1214,159196
1215,145992,,1215,160002
1216,145370,,1216,159198
1217,144777,,1217,160095
1218,144876,,1218,159685
1219,144124,,1219,160076
1220,143447,,1220,159898
1221,143438,,1221,158882
1222,142910,,1222,159265
1223,143260,,1223,159359
1224,144691,,1224,160167
1225,141848,,1225,159814
1226,142868,,1226,159688
1227,142657,,1227,159911
1228,142284,,1228,159330
1229,143430,,1229,160565
1230,143355,,1230,159788
1231,143781,,1231,160229
1232,143311,,1232,161347
1233,143652,,1233,160316
1234,143993,,1234,160303
1235,144717,,1235,159910
1236,144897,,1236,160485
1237,145959,,1237,161510
1238,145063,,1238,161201
1239,146908,,1239,161169
1240,146714,,1240,160809
1241,146461,,1241,161365
1242,147715,,1242,161051
1243,146730,,1243,160247
1244,147682,,1244,160993
1245,147702,,1245,160150
1246,146971,,1246,160114
1247,148092,,1247,161031
1248,147766,,1248,160434
1249,148573,,1249,160825
1250,146859,,1250,160958
1251,146769,,1251,160827
1252,146671,,1252,160704
1253,147738,,1253,161675
1254,147082,,1254,161401
1255,146302,,1255,160900
1256,145681,,1256,160794
1257,145965,,1257,161901
1258,144678,,1258,161609
1259,144489,,1259,160845
1260,144676,,1260,160877
1261,144537,,1261,160597
1262,142811,,1262,161752
1263,145463,,1263,160391
1264,142809,,1264,160653
1265,142470,,1265,160734
1266,143793,,1266,160470
1267,143007,,1267,160564
1268,143134,,1268,161432
1269,143539,,1269,161743
1270,143923,,1270,161312
1271,144267,,1271,161474
1272,144211,,1272,161539
1273,144724,,1273,161937
1274,143892,,1274,161434
1275,144660,,1275,161926
1276,144374,,1276,161359
1277,145004,,1277,161375
1278,145297,,1278,160277
1279,146313,,1279,161465
1280,146016,,1280,161894
1281,146865,,1281,160895
1282,146591,,1282,160385
1283,148384,,1283,161824
1284,147556,,1284,160938
1285,146986,,1285,161339
1286,148348,,1286,161046
1287,147841,,1287,160621
1288,148095,,1288,161428
1289,147938,,1289,161918
1290,148107,,1290,160991
1291,147754,,1291,161653
1292,147486,,1292,161737
1293,147497,,1293,161233
1294,146842,,1294,161578
1295,146936,,1295,160585
1296,146309,,1296,161421
1297,146101,,1297,161219
1298,145228,,1298,161525
1299,145083,,1299,160434
1300,144874,,1300,162132
1301,144940,,1301,162076
1302,144199,,1302,161486
1303,144239,,1303,161140
1304,143379,,1304,161388
1305,143679,,1305,161804
1306,142920,,1306,161686
1307,143684,,1307,161772
1308,143765,,1308,161524
1309,144087,,1309,161332
1310,144696,,1310,161280
1311,144617,,1311,161292
1312,144545,,1312,161923
1313,146156,,1313,161287
1314,145080,,1314,161843
1315,145058,,1315,161974
1316,145953,,1316,161968
1317,146858,,1317,161230
1318,146319,,1318,161439
1319,146697,,1319,161595
1320,147528,,1320,162654
1321,147215,,1321,161419
1322,148015,,1322,162176
1323,148416,,1323,161869
1324,148269,,1324,162093
1325,148126,,1325,161953
1326,148057,,1326,161303
1327,148297,,1327,161706
1328,148215,,1328,161943
1329,148627,,1329,161623
1330,147967,,1330,160819
1331,147660,,1331,161333
1332,146400,,1332,161619
1333,147293,,1333,162019
1334,147050,,1334,161710
1335,146092,,1335,161680
1336,147003,,1336,163394
1337,146396,,1337,161786
1338,145044,,1338,162263
1339,145558,,1339,163454
1340,144762,,1340,161842
1341,144311,,1341,163527
1342,143823,,1342,163403
1343,145125,,1343,163245
1344,145394,,1344,163272
1345,144989,,1345,162027
1346,144778,,1346,162012
1347,143932,,1347,162693
1348,145715,,1348,162278
1349,144124,,1349,162396
1350,144654,,1350,163663
1351,144357,,1351,161719
1352,145115,,1352,162406
1353,145406,,1353,162731
1354,145660,,1354,162012
1355,145111,,1355,162106
1356,145993,,1356,162420
1357,146167,,1357,162490
1358,146543,,1358,163215
1359,149425,,1359,162913
1360,148141,,1360,162798
1361,147921,,1361,163053
1362,148616,,1362,162998
1363,147489,,1363,163725
1364,148008,,1364,161985
1365,147933,,1365,162950
1366,147718,,1366,162309
1367,148403,,1367,163829
1368,148049,,1368,163119
1369,148054,,1369,162010
1370,148338,,1370,163040
1371,148445,,1371,162927
1372,147581,,1372,163264
1373,147453,,1373,163035
1374,147724,,1374,163471
1375,146522,,1375,163591
1376,146620,,1376,163401
1377,146260,,1377,162613
1378,145787,,1378,163722
1379,145454,,1379,163438
1380,145169,,1380,162189
1381,144683,,1381,162432
1382,145652,,1382,162916
1383,144256,,1383,163362
1384,143870,,1384,162142
1385,144510,,1385,163410
1386,144632,,1386,163408
1387,143913,,1387,162713
1388,144122,,1388,164534
1389,144693,,1389,163189
1390,144668,,1390,163802
1391,143820,,1391,163838
1392,144496,,1392,163386
1393,145037,,1393,162925
1394,145761,,1394,163551
1395,146179,,1395,162953
1396,145376,,1396,162608
1397,147020,,1397,163814
1398,147014,,1398,163669
1399,147207,,1399,165115
1400,147236,,1400,163270
1401,147559,,1401,163548
1402,148130,,1402,163028
1403,148465,,1403,163637
1404,148992,,1404,164038
1405,148163,,1405,162113
1406,148042,,1406,162298
1407,149321,,1407,163295
1408,149270,,1408,163409
1409,148305,,1409,163222
1410,147782,,1410,162908
1411,148738,,1411,163299
1412,148089,,1412,163840
1413,147947,,1413,163010
1414,148151,,1414,163397
1415,147202,,1415,164054
1416,147082,,1416,162543
1417,146254,,1417,163066
1418,145767,,1418,163964
1419,146791,,1419,162903
1420,144892,,1420,163598
1421,145602,,1421,163364
1422,144229,,1422,163549
1423,144725,,1423,163521
1424,143872,,1424,163670
1425,145407,,1425,164348
1426,144268,,1426,163914
1427,143746,,1427,163171
1428,144379,,1428,164099
1429,144434,,1429,164106
1430,144457,,1430,163624
1431,145377,,1431,164851
1432,145809,,1432,162458
1433,145515,,1433,164130
1434,144913,,1434,164455
1435,147767,,1435,164164
1436,146308,,1436,163716
1437,146871,,1437,164532
1438,147542,,1438,164283
1439,147483,,1439,163931
1440,147527,,1440,164563
1441,148354,,1441,164371
1442,149030,,1442,164314
1443,149130,,1443,164833
1444,149690,,1444,164929
1445,149048,,1445,164392
1446,148422,,1446,165056
1447,148601,,1447,164657
1448,149296,,1448,164557
1449,149186,,1449,164604
1450,148438,,1450,164684
1451,148116,,1451,164901
1452,147808,,1452,164751
1453,147457,,1453,164747
1454,147733,,1454,164617
1455,147494,,1455,165746
1456,147643,,1456,164739
1457,147599,,1457,165250
1458,145399,,1458,164540
1459,146827,,1459,164897
1460,145130,,1460,163376
1461,145692,,1461,164878
1462,144687,,1462,164801
1463,144568,,1463,165136
1464,144525,,1464,165034
1465,144546,,1465,165532
1466,144711,,1466,164392
1467,145179,,1467,164566
1468,144745,,1468,165469
1469,144876,,1469,165095
1470,146195,,1470,164408
1471,144989,,1471,165357
1472,145181,,1472,165067
1473,146202,,1473,165234
1474,146614,,1474,165137
1475,145802,,1475,165011
1476,146763,,1476,165409
1477,147089,,1477,165026
1478,147143,,1478,165387
1479,147776,,1479,165985
1480,147353,,1480,166271
1481,148193,,1481,164779
1482,148455,,1482,165543
1483,149415,,1483,164958
1484,149138,,1484,165306
1485,148991,,1485,164723
1486,149474,,1486,164281
1487,149660,,1487,165001
1488,148892,,1488,165516
1489,149473,,1489,165846
1490,148257,,1490,165156
1491,148302,,1491,164748
1492,148553,,1492,164614
1493,147851,,1493,166289
1494,148772,,1494,165314
1495,147203,,1495,165375
1496,146717,,1496,166097
1497,146828,,1497,165847
1498,146283,,1498,165968
1499,145406,,1499,166834
1500,145852,,1500,166002
1501,146124,,1501,166579
1502,145307,,1502,167115
1503,145714,,1503,166173
1504,145883,,1504,166244
1505,145772,,1505,166077
1506,145374,,1506,166609
1507,144762,,1507,165816
1508,145792,,1508,166471
1509,145955,,1509,166800
1510,146501,,1510,166471
1511,146485,,1511,165703
1512,146924,,1512,166395
1513,147042,,1513,166157
1514,146956,,1514,166632
1515,147381,,1515,167167
1516,147335,,1516,167451
1517,148517,,1517,166524
1518,148497,,1518,165670
1519,148831,,1519,166065
1520,148824,,1520,166608
1521,149334,,1521,166797
1522,150093,,1522,166947
1523,149008,,1523,167144
1524,149229,,1524,167554
1525,149546,,1525,168038
1526,149550,,1526,166661
1527,149557,,1527,166859
1528,149766,,1528,166778
1529,149577,,1529,168080
1530,149558,,1530,167267
1531,148546,,1531,166886
1532,148027,,1532,166873
1533,148614,,1533,167534
1534,148653,,1534,168001
1535,148039,,1535,167077
1536,148266,,1536,167747
1537,147412,,1537,168133
1538,146653,,1538,167144
1539,146084,,1539,167669
1540,146893,,1540,167943
1541,146616,,1541,167507
1542,146170,,1542,167717
1543,146690,,1543,167248
1544,146338,,1544,167761
1545,146089,,1545,168811
1546,145848,,1546,168406
1547,147010,,1547,168202
1548,146026,,1548,167167
1549,145833,,1549,167839
1550,146863,,1550,167718
1551,146992,,1551,168019
1552,147796,,1552,167334
1553,147263,,1553,168803
1554,147793,,1554,168490
1555,147527,,1555,168482
1556,148669,,1556,167700
1557,148385,,1557,167733
1558,148919,,1558,168045
1559,148497,,1559,168128
1560,148999,,1560,168698
1561,149306,,1561,168234
1562,149760,,1562,167705
1563,150075,,1563,169419
1564,150279,,1564,168542
1565,150567,,1565,169203
1566,149755,,1566,168508
1567,149679,,1567,167991
1568,149971,,1568,168848
1569,149767,,1569,168775
1570,149618,,1570,167929
1571,150137,,1571,167997
1572,148861,,1572,168505
1573,149236,,1573,168245
1574,148895,,1574,169983
1575,147954,,1575,168465
1576,148216,,1576,168152
1577,148365,,1577,168717
1578,147913,,1578,168401
1579,148211,,1579,168449
1580,147214,,1580,169011
1581,146478,,1581,169419
1582,147320,,1582,168399
1583,146523,,1583,169386
1584,146913,,1584,170050
1585,147041,,1585,169275
1586,146558,,1586,168861
1587,145700,,1587,169420
1588,147232,,1588,168802
1589,146946,,1589,169983
1590,146916,,1590,169934
1591,147022,,1591,170170
1592,148229,,1592,170513
1593,147646,,1593,169309
1594,148128,,1594,169617
1595,148383,,1595,170427
1596,148437,,1596,170696
1597,148770,,1597,169262
1598,149266,,1598,169533
1599,149955,,1599,170130
1600,149366,,1600,168960
1601,150270,,1601,170402
1602,151570,,1602,170512
1603,150481,,1603,170639
1604,149902,,1604,170196
1605,150988,,1605,169939
1606,150821,,1606,171727
1607,150744,,1607,170156
1608,149889,,1608,170303
1609,150788,,1609,169960
1610,149805,,1610,171929
1611,150407,,1611,171338
1612,150364,,1612,171012
1613,149983,,1613,169930
1614,149454,,1614,171660
1615,149766,,1615,171131
1616,149017,,1616,170948
1617,149225,,1617,171595
1618,148405,,1618,171853
1619,148602,,1619,171672
1620,148660,,1620,171432
1621,146793,,1621,171348
1622,147765,,1622,171287
1623,148143,,1623,171714
1624,147464,,1624,171893
1625,147443,,1625,171459
1626,146704,,1626,170973
1627,147290,,1627,171587
1628,146929,,1628,172530
1629,147891,,1629,171141
1630,148095,,1630,171614
1631,147821,,1631,171276
1632,148262,,1632,172367
1633,147655,,1633,171414
1634,148805,,1634,171561
1635,148799,,1635,171952
1636,150055,,1636,172378
1637,149688,,1637,172329
1638,150028,,1638,171601
1639,150241,,1639,172522
1640,150326,,1640,172548
1641,150929,,1641,171174
1642,150299,,1642,172294
1643,150690,,1643,172754
1644,150157,,1644,172052
1645,150980,,1645,172815
1646,152359,,1646,172409
1647,151546,,1647,172477
1648,151701,,1648,172057
1649,151043,,1649,173219
1650,151395,,1650,172579
1651,151051,,1651,172551
1652,150559,,1652,171568
1653,150584,,1653,173264
1654,150044,,1654,173520
1655,150443,,1655,172614
1656,150837,,1656,172651
1657,150408,,1657,173727
1658,149889,,1658,173759
1659,149635,,1659,173217
1660,149773,,1660,173242
1661,148535,,1661,173289
1662,149433,,1662,174545
1663,149048,,1663,173874
1664,148294,,1664,174340
1665,148350,,1665,173804
1666,148277,,1666,174401
1667,148066,,1667,174180
1668,148335,,1668,174323
1669,148291,,1669,173361
1670,148475,,1670,173088
1671,147983,,1671,173860
1672,148893,,1672,173952
1673,148463,,1673,173697
1674,149353,,1674,175294
1675,148860,,1675,174405
1676,149235,,1676,174828
1677,149849,,1677,174027
1678,150045,,1678,174233
1679,151001,,1679,173940
1680,151464,,1680,174640
1681,151348,,1681,173497
1682,151421,,1682,173794
1683,151922,,1683,174571
1684,151912,,1684,174453
1685,152762,,1685,176040
1686,153244,,1686,175002
1687,152906,,1687,174460
1688,152818,,1688,174204
1689,152940,,1689,175211
1690,152269,,1690,175949
1691,152397,,1691,175026
1692,152502,,1692,174530
1693,151815,,1693,174886
1694,151798,,1694,174871
1695,151860,,1695,175237
1696,151854,,1696,176375
1697,152150,,1697,176099
1698,150508,,1698,176046
1699,150915,,1699,174714
1700,150509,,1700,176500
1701,150591,,1701,176080
1702,150270,,1702,175922
1703,150759,,1703,176265
1704,150548,,1704,176146
1705,150401,,1705,176318
1706,150589,,1706,175744
1707,148830,,1707,176945
1708,150035,,1708,175974
1709,149956,,1709,175550
1710,150377,,1710,176579
1711,150250,,1711,175861
1712,150166,,1712,176978
1713,149947,,1713,176776
1714,150971,,1714,177650
1715,149707,,1715,177058
1716,150375,,1716,175613
1717,150825,,1717,176726
1718,151857,,1718,176759
1719,151401,,1719,176952
1720,152378,,1720,176661
1721,151471,,1721,176547
1722,152360,,1722,177437
1723,152618,,1723,177108
1724,153266,,1724,177888
1725,152962,,1725,177332
1726,153292,,1726,177540
1727,154067,,1727,177474
1728,154315,,1728,177699
1729,153567,,1729,177900
1730,154336,,1730,177854
1731,153577,,1731,178509
1732,153989,,1732,177796
1733,153184,,1733,176879
1734,153462,,1734,177446
1735,153486,,1735,177934
1736,152988,,1736,178365
1737,153708,,1737,176859
1738,152693,,1738,178704
1739,152290,,1739,178016
1740,152247,,1740,178695
1741,151789,,1741,178261
1742,151744,,1742,177464
1743,151692,,1743,177156
1744,152074,,1744,177366
1745,152352,,1745,178725
1746,150709,,1746,179025
1747,151469,,1747,178203
1748,151227,,1748,178296
1749,151755,,1749,179283
1750,151002,,1750,178721
1751,152027,,1751,178821
1752,150415,,1752,179174
1753,150830,,1753,177635
1754,151443,,1754,178583
1755,150753,,1755,178363
1756,151844,,1756,178407
1757,152055,,1757,178254
1758,152073,,1758,178049
1759,152610,,1759,179255
1760,152901,,1760,178583
1761,152309,,1761,179471
1762,151981,,1762,179405
1763,153557,,1763,179505
1764,153595,,1764,179150
1765,153280,,1765,180362
1766,153573,,1766,178452
1767,154086,,1767,179180
1768,154035,,1768,180092
1769,154625,,1769,179011
1770,154604,,1770,178905
1771,154646,,1771,179532
1772,154341,,1772,178862
1773,155229,,1773,180297
1774,155647,,1774,179117
1775,155397,,1775,179743
1776,154726,,1776,180381
1777,154632,,1777,179386
1778,154229,,1778,179977
1779,154936,,1779,180141
1780,153672,,1780,180281
1781,154537,,1781,179683
1782,153868,,1782,179777
1783,153349,,1783,179125
1784,154418,,1784,179950
1785,153523,,1785,180525
1786,153509,,1786,180039
1787,153379,,1787,179274
1788,153243,,1788,180606
1789,153573,,1789,180530
1790,153155,,1790,180287
1791,152807,,1791,179650
1792,152906,,1792,180023
1793,152542,,1793,179760
1794,152931,,1794,180478
1795,153058,,1795,180877
1796,153331,,1796,180910
1797,153332,,1797,181303
1798,153887,,1798,181467
1799,153711,,1799,180466
1800,154322,,1800,180699
1801,153460,,1801,180195
1802,154106,,1802,180117
1803,153486,,1803,181132
1804,154090,,1804,180580
1805,154338,,1805,181847
1806,154777,,1806,181378
1807,155689,,1807,180408
1808,155080,,1808,180851
1809,155428,,1809,180846
1810,155524,,1810,180727
1811,155249,,1811,181466
1812,155906,,1812,180378
1813,156142,,1813,181112
1814,155683,,1814,181569
1815,156370,,1815,181149
1816,156829,,1816,181556
1817,156551,,1817,181251
1818,156633,,1818,181004
1819,156486,,1819,181679
1820,157126,,1820,182361
1821,156645,,1821,182830
1822,156597,,1822,181787
1823,156519,,1823,181858
1824,156044,,1824,181867
1825,156508,,1825,181957
1826,155269,,1826,182147
1827,155882,,1827,182442
1828,155947,,1828,181442
1829,155271,,1829,182343
1830,155144,,1830,182100
1831,155176,,1831,181052
1832,154471,,1832,182280
1833,155855,,1833,182346
1834,155975,,1834,181582
1835,156127,,1835,182804
1836,155614,,1836,183148
1837,155483,,1837,182675
1838,155742,,1838,181935
1839,155514,,1839,182753
1840,155759,,1840,182356
1841,155543,,1841,182062
1842,155962,,1842,182808
1843,155785,,1843,183304
1844,155938,,1844,181961
1845,155032,,1845,183029
1846,155896,,1846,182256
1847,156083,,1847,182249
1848,156009,,1848,183329
1849,157146,,1849,182342
1850,156459,,1850,182739
1851,157409,,1851,183071
1852,156241,,1852,183114
1853,157916,,1853,182382
1854,157021,,1854,182290
1855,157882,,1855,183489
1856,156878,,1856,182256
1857,157921,,1857,181720
1858,157682,,1858,181745
1859,157397,,1859,182139
1860,158287,,1860,182837
1861,157135,,1861,182791
1862,158258,,1862,182595
1863,158274,,1863,183757
1864,158434,,1864,183927
1865,157968,,1865,183095
1866,159679,,1866,183502
1867,157848,,1867,182734
1868,158462,,1868,183851
1869,157687,,1869,183288
1870,157613,,1870,182136
1871,157349,,1871,182808
1872,157958,,1872,182711
1873,157400,,1873,184167
1874,157300,,1874,182890
1875,157829,,1875,183233
1876,157920,,1876,183510
1877,158162,,1877,184090
1878,159377,,1878,184179
1879,158277,,1879,183860
1880,158529,,1880,184039
1881,158588,,1881,185113
1882,158502,,1882,183946
1883,158366,,1883,183563
1884,158537,,1884,185101
1885,158771,,1885,183658
1886,158905,,1886,183598
1887,157250,,1887,184806
1888,158046,,1888,183904
1889,158364,,1889,184219
1890,158510,,1890,184707
1891,158854,,1891,184535
1892,158877,,1892,184739
1893,158681,,1893,184286
1894,157575,,1894,183922
1895,158805,,1895,184098
1896,159658,,1896,183412
1897,159077,,1897,184501
1898,158485,,1898,183949
1899,158975,,1899,184449
1900,159357,,1900,183226
1901,158380,,1901,184454
1902,159523,,1902,183982
1903,159465,,1903,184952
1904,159088,,1904,183419
1905,159785,,1905,184002
1906,160152,,1906,183675
1907,159718,,1907,184906
1908,160008,,1908,184120
1909,159382,,1909,183575
1910,159573,,1910,184676
1911,159622,,1911,184850
1912,159181,,1912,184387
1913,160481,,1913,184780
1914,159091,,1914,184563
1915,159703,,1915,184635
1916,159796,,1916,184664
1917,160366,,1917,183773
1918,160458,,1918,184360
1919,160624,,1919,184797
1920,160729,,1920,184800
1921,160331,,1921,184365
1922,159635,,1922,184388
1923,159766,,1923,185051
1924,158977,,1924,184961
1925,159531,,1925,185183
1926,159685,,1926,185352
1927,160836,,1927,185626
1928,159652,,1928,185278
1929,160835,,1929,183585
1930,160676,,1930,184534
1931,160064,,1931,185058
1932,160678,,1932,185319
1933,160300,,1933,185098
1934,161353,,1934,185834
1935,159905,,1935,184722
1936,160342,,1936,184279
1937,160586,,1937,185157
1938,161742,,1938,184650
1939,161629,,1939,185147
1940,161357,,1940,184507
1941,160772,,1941,185250
1942,160677,,1942,184797
1943,161109,,1943,185124
1944,161318,,1944,184627
1945,160784,,1945,184522
1946,161101,,1946,185280
1947,161222,,1947,185831
1948,160552,,1948,184051
1949,160694,,1949,185305
1950,161134,,1950,185416
1951,161681,,1951,186555
1952,160963,,1952,186974
1953,161273,,1953,185797
1954,161864,,1954,184759
1955,161844,,1955,185441
1956,161299,,1956,185534
1957,162441,,1957,185990
1958,162513,,1958,185280
1959,162128,,1959,185211
1960,161292,,1960,185776
1961,162113,,1961,185005
1962,161448,,1962,186136
1963,161309,,1963,186053
1964,162152,,1964,185835
1965,161088,,1965,186308
1966,161847,,1966,185526
1967,161594,,1967,184672
1968,161523,,1968,185248
1969,162111,,1969,186160
1970,161656,,1970,185946
1971,161829,,1971,185948
1972,163201,,1972,186720
1973,161620,,1973,185100
1974,162613,,1974,186649
1975,162790,,1975,186968
1976,162219,,1976,185635
1977,161978,,1977,185890
1978,161494,,1978,185939
1979,161597,,1979,185061
1980,161556,,1980,186727
1981,162733,,1981,185709
1982,162170,,1982,185594
1983,161820,,1983,185787
1984,162151,,1984,185056
1985,163239,,1985,186276
1986,162718,,1986,184590
1987,162089,,1987,185615
1988,162763,,1988,185332
1989,162647,,1989,185290
1990,161961,,1990,186392
1991,161887,,1991,185310
1992,162563,,1992,185981
1993,162867,,1993,186418
1994,162966,,1994,185262
1995,162389,,1995,185613
1996,163305,,1996,185050
1997,163663,,1997,184470
1998,162481,,1998,184823
1999,163683,,1999,185070
2000,163309,,2000,185775
2001,162794,,2001,185156
2002,162804,,2002,185692
2003,163524,,2003,185689
2004,163158,,2004,184914
2005,163076,,2005,185000
2006,163514,,2006,185443
2007,163272,,2007,185782
2008,163285,,2008,184352
2009,163723,,2009,185321
2010,162631,,2010,185702
2011,163043,,2011,185806
2012,163844,,2012,185092
2013,163594,,2013,185844
2014,163492,,2014,185443
2015,162510,,2015,186504
2016,163281,,2016,185291
2017,163786,,2017,185984
2018,163294,,2018,185377
2019,163335,,2019,184960
2020,163868,,2020,184772
2021,163571,,2021,184457
2022,163699,,2022,185116
2023,163768,,2023,185202
2024,163495,,2024,185289
2025,163391,,2025,184872
2026,164024,,2026,186045
2027,164232,,2027,185670
2028,164222,,2028,185404
2029,163719,,2029,185031
2030,163582,,2030,186181
2031,165027,,2031,184632
2032,163868,,2032,185993
2033,164541,,2033,185226
2034,163639,,2034,186286
2035,162816,,2035,186316
2036,164069,,2036,185799
2037,164178,,2037,185198
2038,164134,,2038,186503
2039,163176,,2039,186343
2040,164375,,2040,186062
2041,163230,,2041,185948
2042,163620,,2042,184645
2043,163783,,2043,185802
2044,164805,,2044,186069
2045,163543,,2045,186353
2046,164678,,2046,187414
2047,164804,,2047,186643
2048,164298,,2048,186550
2049,165110,,2049,186855
2050,164743,,2050,186729
2051,164374,,2051,186968
2052,163626,,2052,187145
2053,164658,,2053,186175
2054,164293,,2054,185583
2055,164667,,2055,186222
2056,164743,,2056,185209
2057,164291,,2057,185201
2058,163990,,2058,186011
2059,163833,,2059,185574
2060,165062,,2060,186361
2061,164737,,2061,185381
2062,165239,,2062,185881
2063,165219,,2063,186667
2064,164611,,2064,186077
2065,164348,,2065,185604
2066,164559,,2066,186496
2067,163619,,2067,185522
2068,164688,,2068,186393
2069,164338,,2069,186454
2070,163424,,2070,186175
2071,164890,,2071,186402
2072,164901,,2072,187025
2073,165691,,2073,185792
2074,164778,,2074,186520
2075,163879,,2075,186041
2076,165072,,2076,185746
2077,164372,,2077,186627
2078,165221,,2078,185850
2079,165257,,2079,186192
2080,164555,,2080,185873
2081,164839,,2081,186140
2082,164160,,2082,186413
2083,164958,,2083,186395
2084,164554,,2084,186312
2085,164871,,2085,186492
2086,164477,,2086,185929
2087,165151,,2087,186633
2088,166294,,2088,186906
2089,165179,,2089,186031
2090,165038,,2090,186645
2091,165008,,2091,185584
2092,165163,,2092,185705
2093,164487,,2093,186700
2094,164782,,2094,185308
2095,165822,,2095,185617
2096,164995,,2096,185954
2097,165389,,2097,185947
2098,165272,,2098,185738
2099,165441,,2099,186740
2100,164448,,2100,186971
2101,165531,,2101,186317
2102,165426,,2102,186483
2103,165704,,2103,185504
2104,164992,,2104,186499
2105,165484,,2105,186206
2106,165925,,2106,186930
2107,165292,,2107,186480
2108,165772,,2108,185282
2109,165281,,2109,185683
2110,165016,,2110,185953
2111,165013,,2111,184430
2112,165173,,2112,186020
2113,164406,,2113,186515
2114,165544,,2114,185820
2115,165964,,2115,185719
2116,164823,,2116,186550
2117,165245,,2117,186398
2118,166373,,2118,186317
2119,166535,,2119,185429
2120,164917,,2120,186487
2121,165035,,2121,185545
2122,164902,,2122,185339
2123,164956,,2123,186029
2124,165229,,2124,186596
2125,165804,,2125,185862
2126,165300,,2126,186398
2127,164980,,2127,186965
2128,164616,,2128,184976
2129,165131,,2129,186024
2130,165658,,2130,185042
2131,165284,,2131,185445
2132,165326,,2132,186524
2133,164368,,2133,186785
2134,164389,,2134,185679
2135,165191,,2135,185690
2136,165532,,2136,185584
2137,165157,,2137,184820
2138,165435,,2138,186803
2139,165827,,2139,185711
2140,166621,,2140,186810
2141,164989,,2141,184762
2142,164904,,2142,184912
2143,166422,,2143,186193
2144,165565,,2144,185313
2145,165494,,2145,185397
2146,165321,,2146,185467
2147,165569,,2147,185149
2148,165553,,2148,186256
2149,165506,,2149,185905
2150,165522,,2150,184784
2151,166482,,2151,185119
2152,166298,,2152,184368
2153,165545,,2153,186319
2154,165207,,2154,185072
2155,165032,,2155,185149
2156,165508,,2156,185236
2157,165904,,2157,184336
2158,165388,,2158,186053
2159,164943,,2159,185178
2160,165359,,2160,184564
2161,165066,,2161,185339
2162,165940,,2162,185275
2163,165343,,2163,185371
2164,165521,,2164,185649
2165,165714,,2165,185622
2166,165092,,2166,185423
2167,165222,,2167,185253
2168,165051,,2168,185327
2169,166076,,2169,186043
2170,165625,,2170,184972
2171,166110,,2171,186302
2172,165664,,2172,184949
2173,165029,,2173,185378
2174,164555,,2174,186271
2175,165750,,2175,184916
2176,165188,,2176,186084
2177,166360,,2177,186007
2178,165298,,2178,186238
2179,165204,,2179,186427
2180,165573,,2180,187032
2181,165005,,2181,185466
2182,166114,,2182,186179
2183,166204,,2183,186149
2184,165881,,2184,184873
2185,166556,,2185,186838
2186,165942,,2186,185171
2187,166261,,2187,185548
2188,166313,,2188,185933
2189,166547,,2189,185625
2190,165850,,2190,186114
2191,166279,,2191,186963
2192,166253,,2192,184949
2193,166453,,2193,185310
2194,165710,,2194,187365
2195,165929,,2195,186159
2196,166340,,2196,186336
2197,165519,,2197,185341
2198,166888,,2198,185764
2199,165799,,2199,185916
2200,166050,,2200,185475
2201,166030,,2201,187186
2202,166350,,2202,186525
2203,165773,,2203,185390
2204,166543,,2204,185026
2205,167010,,2205,184903
2206,166102,,2206,184934
2207,165983,,2207,185289
2208,165131,,2208,185055
2209,165610,,2209,184813
2210,165378,,2210,185354
2211,166297,,2211,185618
2212,166111,,2212,185250
2213,165551,,2213,185722
2214,165835,,2214,185718
2215,165393,,2215,184448
2216,166305,,2216,185464
2217,165489,,2217,186130
2218,166138,,2218,186184
2219,166472,,2219,184613
2220,165800,,2220,185275
2221,165426,,2221,186386
2222,165465,,2222,186382
2223,165989,,2223,185191
2224,164933,,2224,186147
2225,166398,,2225,185664
2226,165737,,2226,185105
2227,166039,,2227,185423
2228,166419,,2228,184709
2229,166344,,2229,185616
2230,165239,,2230,184792
2231,165881,,2231,185652
2232,165271,,2232,184626
2233,166036,,2233,186041
2234,164590,,2234,185455
2235,165649,,2235,185930
2236,166106,,2236,186233
2237,165290,,2237,185224
2238,165293,,2238,185600
2239,166978,,2239,184623
2240,166015,,2240,184879
2241,165210,,2241,185512
2242,165063,,2242,184696
2243,166315,,2243,185025
2244,165644,,2244,185794
2245,166819,,2245,184628
2246,166506,,2246,185239
2247,166404,,2247,185667
2248,165249,,2248,184569
2249,165387,,2249,186116
2250,164531,,2250,185551
2251,165026,,2251,185917
2252,165214,,2252,184352
2253,165711,,2253,184480
2254,165900,,2254,184951
2255,166000,,2255,185870
2256,165667,,2256,185396
2257,165967,,2257,185185
2258,165707,,2258,184959
2259,165365,,2259,184649
2260,166153,,2260,185396
2261,165635,,2261,184805
2262,166261,,2262,185447
2263,165135,,2263,185634
2264,165168,,2264,184463
2265,165023,,2265,184654
2266,165207,,2266,184316
2267,166397,,2267,185234
2268,165721,,2268,184842
2269,165547,,2269,184418
2270,165603,,2270,184218
2271,165883,,2271,185846
2272,165916,,2272,185064
2273,165533,,2273,185906
2274,165341,,2274,184756
2275,165544,,2275,184628
2276,164978,,2276,185454
2277,165701,,2277,185105
2278,164965,,2278,185166
2279,166237,,2279,183927
2280,165140,,2280,184243
2281,166237,,2281,184922
2282,165926,,2282,184686
2283,164963,,2283,184517
2284,165812,,2284,183609
2285,165600,,2285,184823
2286,165614,,2286,185697
2287,166026,,2287,184909
2288,165090,,2288,185487
2289,166228,,2289,183947
2290,165223,,2290,184778
2291,166720,,2291,184344
2292,166188,,2292,185182
2293,165571,,2293,184402
2294,165705,,2294,184885
2295,166965,,2295,183908
2296,166237,,2296,184072
2297,165222,,2297,184304
2298,165404,,2298,183925
2299,165682,,2299,184542
2300,165447,,2300,183822
2301,165287,,2301,185083
2302,164970,,2302,183183
2303,165503,,2303,184560
2304,166136,,2304,183831
2305,165589,,2305,184766
2306,165830,,2306,184326
2307,165555,,2307,185157
2308,165139,,2308,185219
2309,165976,,2309,184378
2310,166029,,2310,185148
2311,165022,,2311,185033
2312,166036,,2312,184470
2313,165981,,2313,185016
2314,165068,,2314,185134
2315,165058,,2315,184521
2316,165572,,2316,184759
2317,165904,,2317,185128
2318,164882,,2318,185944
2319,165795,,2319,185608
2320,164734,,2320,185128
2321,165112,,2321,184228
2322,165059,,2322,184461
2323,166670,,2323,184423
2324,165467,,2324,185005
2325,164893,,2325,184376
2326,164721,,2326,183930
2327,165608,,2327,183647
2328,165575,,2328,183926
2329,164935,,2329,184546
2330,165007,,2330,184676
2331,165404,,2331,184709
2332,165619,,2332,184217
2333,164805,,2333,185095
2334,165159,,2334,185138
2335,164948,,2335,184873
2336,164574,,2336,184502
2337,165497,,2337,184558
2338,165577,,2338,184374
2339,165176,,2339,183672
2340,165604,,2340,184929
2341,163753,,2341,184689
2342,165402,,2342,184078
2343,166103,,2343,184484
2344,165954,,2344,184862
2345,164459,,2345,184491
2346,165286,,2346,184024
2347,164897,,2347,184513
2348,165132,,2348,185261
2349,165539,,2349,183909
2350,166393,,2350,184739
2351,164735,,2351,183661
2352,166047,,2352,184964
2353,164787,,2353,184910
2354,164786,,2354,185556
2355,165361,,2355,183529
2356,165164,,2356,184561
2357,165481,,2357,183505
2358,165286,,2358,184262
2359,164471,,2359,184170
2360,163909,,2360,183352
2361,164862,,2361,183554
2362,165281,,2362,185057
2363,165705,,2363,185000
2364,164513,,2364,185845
2365,163911,,2365,185322
2366,165205,,2366,184921
2367,166231,,2367,184080
2368,164608,,2368,184088
2369,165449,,2369,184130
2370,164659,,2370,184859
2371,163981,,2371,184256
2372,165635,,2372,185924
2373,165528,,2373,185847
2374,165075,,2374,184371
2375,165413,,2375,183458
2376,164068,,2376,185156
2377,165689,,2377,184183
2378,165292,,2378,185688
2379,165311,,2379,186152
2380,166324,,2380,184819
2381,165021,,2381,184969
2382,165348,,2382,185202
2383,165406,,2383,184222
2384,164894,,2384,183756
2385,166539,,2385,185091
2386,164851,,2386,184427
2387,163708,,2387,184799
2388,165171,,2388,184814
2389,164905,,2389,184279
2390,165323,,2390,184930
2391,164919,,2391,185074
2392,165499,,2392,184429
2393,165421,,2393,184846
2394,165637,,2394,183916
2395,165366,,2395,184787
2396,164284,,2396,184057
2397,165027,,2397,183342
2398,165127,,2398,184231
2399,164635,,2399,184412
2400,165211,,2400,184021
2401,164650,,2401,184960
2402,165163,,2402,185008
2403,164683,,2403,184349
2404,165431,,2404,183618
2405,164991,,2405,184219
2406,164814,,2406,184688
2407,166106,,2407,185058
2408,165151,,2408,184944
2409,165074,,2409,184441
2410,164749,,2410,183265
2411,163864,,2411,184506
2412,165793,,2412,184370
2413,164130,,2413,184557
2414,164958,,2414,184747
2415,164443,,2415,184498
2416,164638,,2416,184670
2417,165141,,2417,185244
2418,164505,,2418,184010
2419,164806,,2419,184867
2420,165150,,2420,184267
2421,165199,,2421,184167
2422,164550,,2422,184404
2423,164663,,2423,185134
2424,164678,,2424,185160
2425,164769,,2425,182962
2426,164259,,2426,184760
2427,165161,,2427,185299
2428,164341,,2428,185050
2429,164091,,2429,184974
2430,164745,,2430,182779
2431,165160,,2431,182635
2432,164053,,2432,184499
2433,165053,,2433,184724
2434,164612,,2434,184165
2435,164242,,2435,182423
2436,165218,,2436,183873
2437,164600,,2437,184846
2438,165117,,2438,184127
2439,164548,,2439,183840
2440,164956,,2440,183113
2441,165291,,2441,183147
2442,164759,,2442,183801
2443,163875,,2443,183227
2444,164592,,2444,183514
2445,164716,,2445,184576
2446,163607,,2446,183348
2447,164760,,2447,183183
2448,164802,,2448,185329
2449,163832,,2449,183909
2450,164350,,2450,183921
2451,164548,,2451,184455
2452,163749,,2452,183919
2453,163578,,2453,183600
2454,164495,,2454,183970
2455,164149,,2455,184038
2456,164197,,2456,183965
2457,164422,,2457,184002
2458,165018,,2458,184465
2459,164537,,2459,184510
2460,164805,,2460,184107
2461,164820,,2461,183326
2462,164909,,2462,183364
2463,164467,,2463,184409
2464,164202,,2464,183561
2465,164418,,2465,185097
2466,164182,,2466,184768
2467,165635,,2467,184253
2468,163938,,2468,184629
2469,164346,,2469,183437
2470,164186,,2470,183175
2471,164480,,2471,183460
2472,164827,,2472,183805
2473,163934,,2473,183850
2474,164596,,2474,183798
2475,164972,,2475,183847
2476,163528,,2476,184356
2477,164175,,2477,183282
2478,165211,,2478,184667
2479,163685,,2479,183057
2480,163764,,2480,184136
2481,164809,,2481,183435
2482,164615,,2482,183997
2483,165018,,2483,183682
2484,165339,,2484,183558
2485,163880,,2485,184208
2486,164607,,2486,183535
2487,163605,,2487,183866
2488,163935,,2488,184010
2489,163568,,2489,184048
2490,164720,,2490,183684
2491,164960,,2491,184368
2492,163927,,2492,183400
2493,164706,,2493,183054
2494,163919,,2494,183918
2495,164206,,2495,183819
2496,163406,,2496,183235
2497,163991,,2497,183003
2498,164684,,2498,183208
2499,164239,,2499,184220
2500,163780,,2500,183204
